Protein.Group	Protein.Ids	Protein.Names	Genes	First.Protein.Description	Proteotypic	Stripped.Sequence	Modified.Sequence	Precursor.Charge	Precursor.Id	/scratch/cpanse/PXD028735/dia/LFQ_Orbitrap_AIF_Condition_A_Sample_Beta_01.mzML	/scratch/cpanse/PXD028735/dia/LFQ_Orbitrap_AIF_Condition_A_Sample_Gamma_01.mzML	/scratch/cpanse/PXD028735/dia/LFQ_Orbitrap_AIF_Condition_A_Sample_Alpha_01.mzML	/scratch/cpanse/PXD028735/dia/LFQ_Orbitrap_AIF_Condition_B_Sample_Beta_01.mzML	/scratch/cpanse/PXD028735/dia/LFQ_Orbitrap_AIF_Condition_B_Sample_Gamma_01.mzML	/scratch/cpanse/PXD028735/dia/LFQ_Orbitrap_AIF_Condition_B_Sample_Alpha_01.mzML
Q96JP5	Q96JP5;A0A0A6YYC7	ZFP91_HUMAN	ZFP91	NA	0	AAAAAAAAAVSR	AAAAAAAAAVSR	2	AAAAAAAAAVSR2	NA	NA	NA	NA	NA	NA
P36578	P36578;H3BM89;H3BU31	RL4_HUMAN	RPL4	NA	1	AAAAAAALQAK	AAAAAAALQAK	2	AAAAAAALQAK2	21974000	19763800	19603000	25184700	19487200	19601000
Q6SPF0	Q6SPF0	SAMD1_HUMAN	SAMD1	NA	1	AAAAAATAPPSPGPAQPGPR	AAAAAATAPPSPGPAQPGPR	2	AAAAAATAPPSPGPAQPGPR2	NA	NA	NA	NA	NA	NA
O76031	O76031	CLPX_HUMAN	CLPX	NA	1	AAAAADLANR	AAAAADLANR	2	AAAAADLANR2	1395110	1370900	NA	NA	NA	954307
Q8WUQ7	Q8WUQ7	CATIN_HUMAN	CACTIN	NA	1	AAAAALSQQQSLQER	AAAAALSQQQSLQER	2	AAAAALSQQQSLQER2	237073	206508	250209	118079	255774	242786
Q9P258	Q9P258	RCC2_HUMAN	RCC2	NA	1	AAAAAWEEPSSGNGTAR	AAAAAWEEPSSGNGTAR	2	AAAAAWEEPSSGNGTAR2	4346270	6625180	5365660	1391040	4811200	1625450
Q9P258	Q9P258	RCC2_HUMAN	RCC2	NA	1	AAAAAWEEPSSGNGTAR	AAAAAWEEPSSGNGTAR	3	AAAAAWEEPSSGNGTAR3	NA	NA	NA	561509	NA	1680840
P0A8D6	P0A8D6	YMDB_ECOLI	ymdB	NA	1	AAAAEIAVK	AAAAEIAVK	2	AAAAEIAVK2	NA	NA	NA	NA	NA	NA
P17542	P17542	TAL1_HUMAN	TAL1	NA	1	AAAAEPPVIELGAR	AAAAEPPVIELGAR	2	AAAAEPPVIELGAR2	3872700	3689510	4014110	4118490	3688710	3643030
P38915	P38915	SPT8_YEAST	SPT8	NA	1	AAAAGAGGAGDSGDAVTK	AAAAGAGGAGDSGDAVTK	2	AAAAGAGGAGDSGDAVTK2	212391	235890	258303	NA	103855	119700
Q99856	Q99856	ARI3A_HUMAN	ARID3A	NA	1	AAAAGLGHPASPGGSEDGPPGSEEEDAAR	AAAAGLGHPASPGGSEDGPPGSEEEDAAR	3	AAAAGLGHPASPGGSEDGPPGSEEEDAAR3	NA	176086	196146	NA	NA	NA
Q68DK7	Q68DK7;J3KSZ8;J3QQY0	MSL1_HUMAN	MSL1	NA	1	AAAAPAGGNPEQR	AAAAPAGGNPEQR	2	AAAAPAGGNPEQR2	201379	81937.6	NA	NA	103861	NA
Q96L91	Q96L91	EP400_HUMAN	EP400	NA	1	AAAAPFQTSQASASAPR	AAAAPFQTSQASASAPR	2	AAAAPFQTSQASASAPR2	NA	NA	NA	NA	NA	NA
P52701	P52701;A0A8V8TQJ0;A0A8V8TPJ4;A0A8V8TPR2;F8W7G9;F8WAX8	MSH6_HUMAN	MSH6	NA	1	AAAAPGASPSPGGDAAWSEAGPGPR	AAAAPGASPSPGGDAAWSEAGPGPR	3	AAAAPGASPSPGGDAAWSEAGPGPR3	NA	NA	NA	NA	NA	NA
P00959	P00959	SYM_ECOLI	metG	NA	1	AAAAPVTGPLADDPIQETITFDDFAK	AAAAPVTGPLADDPIQETITFDDFAK	3	AAAAPVTGPLADDPIQETITFDDFAK3	NA	NA	NA	111134	347769	455298
P55036	P55036;H0Y3Y9	PSMD4_HUMAN	PSMD4	NA	1	AAAASAAEAGIATTGTEDSDDALLK	AAAASAAEAGIATTGTEDSDDALLK	3	AAAASAAEAGIATTGTEDSDDALLK3	2907740	2804920	2671120	2446630	2899860	2485920
H7C2J9;Q5VWC4	Q5VWC4;H7C2J9	H7C2J9_HUMAN;Q5VWC4_HUMAN	PSMD4	NA	1	AAAASAAEAGIATTGTEGER	AAAASAAEAGIATTGTEGER	2	AAAASAAEAGIATTGTEGER2	54826.4	99789.4	95402.1	63296.3	97529.9	NA
Q8WWH5	Q8WWH5	TRUB1_HUMAN	TRUB1	NA	1	AAAAVVAAAAR	AAAAVVAAAAR	2	AAAAVVAAAAR2	NA	468787	NA	577650	578801	NA
P09938	P09938	RIR2_YEAST	RNR2	NA	1	AAADALSDLEIK	AAADALSDLEIK	2	AAADALSDLEIK2	19653400	17947600	21839800	10681300	9194380	10115400
P25738	P25738	MSYB_ECOLI	msyB	NA	1	AAADEWDER	AAADEWDER	2	AAADEWDER2	NA	NA	NA	NA	1618150	NA
P00452	P00452	RIR1_ECOLI	nrdA	NA	1	AAADLISR	AAADLISR	2	AAADLISR2	NA	NA	NA	1103320	512866	977908
Q6P2E9	Q6P2E9;I3L2F4	EDC4_HUMAN	EDC4	NA	1	AAADTLQGPMQAAYR	AAADTLQGPMQAAYR	2	AAADTLQGPMQAAYR2	2371370	4464750	3730340	696789	3632390	NA
P0AEG4	P0AEG4	DSBA_ECOLI	dsbA	NA	1	AAADVQLR	AAADVQLR	2	AAADVQLR2	NA	NA	NA	3489450	2479160	2843600
Q9NZQ3	Q9NZQ3;C9JSC3;H7C2K2	SPN90_HUMAN	NCKIPSD	NA	1	AAAEAAVPR	AAAEAAVPR	2	AAAEAAVPR2	NA	NA	NA	NA	NA	NA
Q9NQP4	Q9NQP4;E9PQY2	PFD4_HUMAN	PFDN4	NA	1	AAAEDVNVTFEDQQK	AAAEDVNVTFEDQQK	2	AAAEDVNVTFEDQQK2	7888100	7487300	7080440	5283940	7096660	6820500
Q9NQP4	Q9NQP4;E9PQY2	PFD4_HUMAN	PFDN4	NA	1	AAAEDVNVTFEDQQK	AAAEDVNVTFEDQQK	3	AAAEDVNVTFEDQQK3	NA	NA	NA	NA	NA	NA
P53075	P53075	SHE10_YEAST	SHE10	NA	1	AAAEEFQR	AAAEEFQR	2	AAAEEFQR2	1418700	1436780	1751620	643415	701636	692368
O95551	O95551;X6R5A3	TYDP2_HUMAN	TDP2	NA	1	AAAEEGHIIPR	AAAEEGHIIPR	2	AAAEEGHIIPR2	NA	NA	NA	NA	27227.5	NA
O15357	O15357	SHIP2_HUMAN	INPPL1	NA	1	AAAEELLAR	AAAEELLAR	2	AAAEELLAR2	NA	NA	NA	NA	NA	NA
Q9H9Y2	Q9H9Y2;X6R7Q1	RPF1_HUMAN	RPF1	NA	1	AAAEELQEAAGAGDGATENGVQPPK	AAAEELQEAAGAGDGATENGVQPPK	3	AAAEELQEAAGAGDGATENGVQPPK3	NA	NA	NA	NA	276904	NA
P30260	P30260	CDC27_HUMAN	CDC27	NA	1	AAAEGLMSLLR	AAAEGLMSLLR	2	AAAEGLMSLLR2	NA	NA	594758	NA	NA	NA
P15180	P15180	SYKC_YEAST	KRS1	NA	1	AAAEGVANLHLDEATGEMVSK	AAAEGVANLHLDEATGEMVSK	3	AAAEGVANLHLDEATGEMVSK3	888646	1529110	1000120	NA	448388	NA
Q01780	Q01780	EXOSX_HUMAN	EXOSC10	NA	1	AAAEQAISVR	AAAEQAISVR	2	AAAEQAISVR2	1139530	1174760	1001220	1472990	1131020	1024520
P0A8T7	P0A8T7	RPOC_ECOLI	rpoC	NA	1	AAAESSIQVK	AAAESSIQVK	2	AAAESSIQVK2	NA	NA	295527	1423990	1231210	1263570
P02786	P02786;A0A8V8TLM6;A0A8V8TLN0;A0A8V8TM41;A0A8V8TM46;A0A8V8TN37;G3V0E5	TFR1_HUMAN	TFRC	NA	1	AAAEVAGQFVIK	AAAEVAGQFVIK	2	AAAEVAGQFVIK2	24720900	21751400	21929100	24744100	21387900	23164400
P07954	P07954;A0A804HI24;A0A804HKE6	FUMH_HUMAN	FH	NA	1	AAAEVNQDYGLDPK	AAAEVNQDYGLDPK	2	AAAEVNQDYGLDPK2	16247300	17020000	16323800	11357800	18139400	17288200
Q9Y490	Q9Y490	TLN1_HUMAN	TLN1	NA	1	AAAFEEQENETVVVK	AAAFEEQENETVVVK	2	AAAFEEQENETVVVK2	2988830	3580470	3393440	2727300	3292090	3424350
P0A7J3	P0A7J3	RL10_ECOLI	rplJ	NA	1	AAAFEGELIPASQIDR	AAAFEGELIPASQIDR	2	AAAFEGELIPASQIDR2	2656810	2448750	2837400	11557600	12569700	11702300
P0A7J3	P0A7J3	RL10_ECOLI	rplJ	NA	1	AAAFEGELIPASQIDR	AAAFEGELIPASQIDR	3	AAAFEGELIPASQIDR3	477550	NA	NA	1635550	1748740	1097070
O94826	O94826	TOM70_HUMAN	TOMM70	NA	1	AAAFEQLQK	AAAFEQLQK	2	AAAFEQLQK2	3118210	2710260	2596750	3286330	2787030	2569160
Q9H9Y2	Q9H9Y2;X6R7Q1	RPF1_HUMAN	RPF1	NA	1	AAAFPPGFSISEIK	AAAFPPGFSISEIK	2	AAAFPPGFSISEIK2	NA	NA	NA	NA	1608040	NA
Q9Y6X3	Q9Y6X3	SCC4_HUMAN	MAU2	NA	1	AAAFYVR	AAAFYVR	2	AAAFYVR2	NA	NA	NA	NA	NA	NA
Q9GZT9	Q9GZT9	EGLN1_HUMAN	EGLN1	NA	1	AAAGGQGSAVAAEAEPGK	AAAGGQGSAVAAEAEPGK	2	AAAGGQGSAVAAEAEPGK2	NA	NA	NA	NA	153480	NA
P00935	P00935	METB_ECOLI	metB	NA	1	AAAGISETLLR	AAAGISETLLR	2	AAAGISETLLR2	NA	NA	NA	NA	NA	NA
Q96T51	Q96T51	RUFY1_HUMAN	RUFY1	NA	1	AAAGLGGGDSGDGTAR	AAAGLGGGDSGDGTAR	2	AAAGLGGGDSGDGTAR2	799814	859910	793257	542506	1005950	864423
Q5VSL9	Q5VSL9	STRP1_HUMAN	STRIP1	NA	1	AAAGLLPGGK	AAAGLLPGGK	2	AAAGLLPGGK2	936303	657934	702356	499516	655568	608296
G5EA36;I3L328	G5EA36;I3L328	G5EA36_HUMAN;I3L328_HUMAN	CDC27	NA	1	AAAGLMSLLR	AAAGLMSLLR	2	AAAGLMSLLR2	NA	388365	417105	NA	303256	NA
O14497	O14497	ARI1A_HUMAN	ARID1A	NA	1	AAAGQESEGPAVGPPQPLGK	AAAGQESEGPAVGPPQPLGK	2	AAAGQESEGPAVGPPQPLGK2	NA	NA	NA	NA	NA	1677550
O14497	O14497	ARI1A_HUMAN	ARID1A	NA	1	AAAGQESEGPAVGPPQPLGK	AAAGQESEGPAVGPPQPLGK	3	AAAGQESEGPAVGPPQPLGK3	NA	NA	NA	NA	NA	480696
Q8NFD5	Q8NFD5;A0A1B0GTJ8;A0A3F2YNW7;A0A6Q8NVI4;A0A6I8PTU7	ARI1B_HUMAN	ARID1B	NA	1	AAAGSAAGGFQR	AAAGSAAGGFQR	2	AAAGSAAGGFQR2	238399	295132	285658	240468	330584	274589
Q9BQS8	Q9BQS8	FYCO1_HUMAN	FYCO1	NA	1	AAAGSLPGLQAQLAQAEQR	AAAGSLPGLQAQLAQAEQR	2	AAAGSLPGLQAQLAQAEQR2	NA	NA	NA	NA	NA	NA
P58107	P58107;A0A075B730	EPIPL_HUMAN	EPPK1	NA	1	AAAGYPDPYSR	AAAGYPDPYSR	2	AAAGYPDPYSR2	370831	NA	NA	NA	577961	702104
Q9BR61	Q9BR61;A0A2R8Y544	ACBD6_HUMAN	ACBD6	NA	1	AAAHLQGLIQVASR	AAAHLQGLIQVASR	2	AAAHLQGLIQVASR2	NA	NA	NA	NA	NA	NA
Q9BR61	Q9BR61;A0A2R8Y544	ACBD6_HUMAN	ACBD6	NA	1	AAAHLQGLIQVASR	AAAHLQGLIQVASR	3	AAAHLQGLIQVASR3	NA	NA	1106240	NA	NA	1109410
P0AG84	P0AG84	YGHA_ECOLI	yghA	NA	1	AAAIAYAR	AAAIAYAR	2	AAAIAYAR2	NA	NA	NA	NA	NA	NA
P0A9Q7	P0A9Q7	ADHE_ECOLI	adhE	NA	1	AAALAAADAR	AAALAAADAR	2	AAALAAADAR2	2353750	2057510	2867430	11077100	8893270	8607440
Q14008	Q14008	CKAP5_HUMAN	CKAP5	NA	1	AAALATVNAWAEQTGMK	AAALATVNAWAEQTGMK	2	AAALATVNAWAEQTGMK2	NA	261446	NA	NA	NA	NA
P31948	P31948;H0YGI8	STIP1_HUMAN	STIP1	NA	1	AAALEAMK	AAALEAMK	2	AAALEAMK2	5553210	8806220	6009030	3492990	6885390	NA
P31948	P31948;F5GXD8;F5H783	STIP1_HUMAN	STIP1	NA	1	AAALEFLNR	AAALEFLNR	2	AAALEFLNR2	59245500	54614700	55547700	61460200	53116900	53944000
Q06708	Q06708	VAC14_YEAST	VAC14	NA	1	AAALELEK	AAALELEK	2	AAALELEK2	816555	NA	NA	NA	NA	NA
Q13423	Q13423;A0A590UJI3;E9PCX7;A0A590UJM2;A0A590UK29	NNTM_HUMAN	NNT	NA	1	AAALEQFK	AAALEQFK	2	AAALEQFK2	1696180	1513030	1603160	1696590	1477790	1447530
P56945	P56945;A0A2R8Y596;A0A2R8Y4C2;A0A2R8Y5C9;A0A2R8Y5E4;A0A2R8Y6M6;A0A2R8Y8C4;A0A2R8YFK2;A0A2R8YFS8	BCAR1_HUMAN	BCAR1	NA	1	AAALQYPSPSAAQDMVER	AAALQYPSPSAAQDMVER	2	AAALQYPSPSAAQDMVER2	NA	NA	NA	NA	118425	NA
P29597	P29597;A0A8V8TN50;A0A8V8TPJ0;H0YE24;K7EM33;E9PM19;A0A8V8TPH2;A0A8V8TPX5;H0YCT7;H0YE41	TYK2_HUMAN	TYK2	NA	1	AAALSFVSLVDGYFR	AAALSFVSLVDGYFR	2	AAALSFVSLVDGYFR2	NA	NA	555226	NA	NA	NA
O60716	O60716;A0A669KB05;A0A669KB62;C9JZR2;A0A804HIL4;A0A804HK15;H0YC95	CTND1_HUMAN	CTNND1	NA	1	AAALVLQTIWGYK	AAALVLQTIWGYK	2	AAALVLQTIWGYK2	1118020	1261650	917306	NA	708652	NA
Q14498	Q14498;A0A0U1RQH7;G3XAC6;H0Y4X3	RBM39_HUMAN	RBM39	NA	1	AAAMANNLQK	AAAMANNLQK	2	AAAMANNLQK2	NA	1043930	NA	NA	NA	NA
Q15042	Q15042;A0A8J9AUI2	RB3GP_HUMAN	RAB3GAP1	NA	1	AAAMTPPEEELK	AAAMTPPEEELK	2	AAAMTPPEEELK2	899061	1484680	1187080	399346	839197	NA
P08142	P08142	ILVB_ECOLI	ilvB	NA	1	AAAPAFSEESIR	AAAPAFSEESIR	2	AAAPAFSEESIR2	NA	NA	NA	NA	NA	NA
Q06505	Q06505	IWS1_YEAST	SPN1	NA	1	AAAPAQTTTDYK	AAAPAQTTTDYK	2	AAAPAQTTTDYK2	1048420	1097280	1115340	343733	504357	468423
Q04697	Q04697	GSF2_YEAST	GSF2	NA	1	AAAPGIQLVAGEGFQSPLEDR	AAAPGIQLVAGEGFQSPLEDR	3	AAAPGIQLVAGEGFQSPLEDR3	2928670	2928040	2864240	1334290	1571920	1378520
P31350	P31350;A0A286YFD6;A0A7P0SBL1	RIR2_HUMAN	RRM2	NA	1	AAAPGVEDEPLLR	AAAPGVEDEPLLR	2	AAAPGVEDEPLLR2	5879600	5654280	5388610	5873390	5434920	5194370
P49848	P49848;A0A8I5KQQ6;A0A8I5KRU1;C9J088;C9JFL8;J3KR72	TAF6_HUMAN	TAF6	NA	1	AAAPPQPSPPPTK	AAAPPQPSPPPTK	2	AAAPPQPSPPPTK2	NA	NA	NA	NA	NA	NA
Q16643	Q16643;D6R9Q9	DREB_HUMAN	DBN1	NA	1	AAAPQAWAGPMEEPPQAQAPPR	AAAPQAWAGPMEEPPQAQAPPR	3	AAAPQAWAGPMEEPPQAQAPPR3	NA	NA	2738030	NA	NA	NA
P25694	P25694	CDC48_YEAST	CDC48	NA	1	AAAPTVVFLDELDSIAK	AAAPTVVFLDELDSIAK	2	AAAPTVVFLDELDSIAK2	3054570	3054400	3160770	1973770	1792820	1728510
P25694	P25694	CDC48_YEAST	CDC48	NA	1	AAAPTVVFLDELDSIAK	AAAPTVVFLDELDSIAK	3	AAAPTVVFLDELDSIAK3	NA	NA	188576	NA	NA	NA
P27692	P27692	SPT5_YEAST	SPT5	NA	1	AAAQDGYVPQR	AAAQDGYVPQR	2	AAAQDGYVPQR2	1199040	1107680	1292420	497088	454284	576425
Q02959	Q02959	HOS3_YEAST	HOS3	NA	1	AAAQIPESAK	AAAQIPESAK	2	AAAQIPESAK2	NA	NA	494569	NA	NA	NA
Q9NVA2	Q9NVA2;D6RER5;D6RGI3;H0Y961;H0Y9G8	SEP11_HUMAN	SEPTIN11	NA	1	AAAQLLQSQAQQSGAQQTK	AAAQLLQSQAQQSGAQQTK	2	AAAQLLQSQAQQSGAQQTK2	1170050	1335220	1421170	888278	1265940	1194720
Q9NVA2	Q9NVA2;D6RER5;D6RGI3;H0Y961;H0Y9G8	SEP11_HUMAN	SEPTIN11	NA	1	AAAQLLQSQAQQSGAQQTK	AAAQLLQSQAQQSGAQQTK	3	AAAQLLQSQAQQSGAQQTK3	1646990	1813320	1693280	1506060	1989150	1865410
P76576	P76576	YFGM_ECOLI	yfgM	NA	1	AAAQLQQGLADTSDENLK	AAAQLQQGLADTSDENLK	2	AAAQLQQGLADTSDENLK2	NA	NA	NA	NA	NA	NA
O14981	O14981	BTAF1_HUMAN	BTAF1	NA	1	AAAQQLGEVVK	AAAQQLGEVVK	2	AAAQQLGEVVK2	NA	NA	386979	NA	NA	NA
O95801	O95801	TTC4_HUMAN	TTC4	NA	1	AAAQYYLGNFR	AAAQYYLGNFR	2	AAAQYYLGNFR2	1315910	1553180	1426050	1349810	1598730	1475560
Q9H2M9	Q9H2M9;A0A8I5KRK1;A0A8I5KRP1;A0A8I5KUS2;A0A8I5KWJ9;A0A8I5KY07;A0A8I5KYQ0;A0A8I5KZB3;A0A8I5QJC9;A0A8I5QJG4	RBGPR_HUMAN	RAB3GAP2	NA	1	AAASGNENIQPPPLAYK	AAASGNENIQPPPLAYK	2	AAASGNENIQPPPLAYK2	NA	1270880	885338	NA	1272820	1294560
P0AET8	P0AET8	HDHA_ECOLI	hdhA	NA	1	AAASHLVR	AAASHLVR	2	AAASHLVR2	NA	NA	NA	NA	NA	NA
Q9UNS1	Q9UNS1	TIM_HUMAN	TIMELESS	NA	1	AAASLSQPEEEQK	AAASLSQPEEEQK	2	AAASLSQPEEEQK2	354069	511179	497024	354471	515444	319219
P08559	P08559;Q5JPU2	ODPA_HUMAN	PDHA1	NA	1	AAASTDYYK	AAASTDYYK	2	AAASTDYYK2	1211450	1294480	923584	566937	1411900	1054730
P38431	P38431	IF5_YEAST	TIF5	NA	1	AAASTLEDIEVK	AAASTLEDIEVK	2	AAASTLEDIEVK2	3432200	3498540	3280240	1779750	1882480	1481550
P32790	P32790	SLA1_YEAST	SLA1	NA	1	AAASTPEPNLK	AAASTPEPNLK	2	AAASTPEPNLK2	1274130	1311260	1181150	NA	610958	400506
Q99733	Q99733;A0A0J9YXQ2;A0A994J3W0;A8MXH2;C9J6D1;C9JZI7;E9PKT8;H0YCI4	NP1L4_HUMAN	NAP1L4	NA	1	AAATAEEPDPK	AAATAEEPDPK	2	AAATAEEPDPK2	2382400	2154880	326528	2272690	2234520	898931
Q9NVC6	Q9NVC6;A0A1W2PRB8;A0A1W2PRX4;A0A1W2PS27;A0A1W2PS69;E9PM72	MED17_HUMAN	MED17	NA	1	AAATIDSLASR	AAATIDSLASR	2	AAATIDSLASR2	513825	711746	941889	771348	818300	768321
P49006	P49006	MRP_HUMAN	MARCKSL1	NA	1	AAATPESQEPQAK	AAATPESQEPQAK	2	AAATPESQEPQAK2	22346000	26006900	20182900	18230800	27757700	21899200
P16659	P16659	SYP_ECOLI	proS	NA	1	AAATQEMTLVDTPNAK	AAATQEMTLVDTPNAK	2	AAATQEMTLVDTPNAK2	NA	NA	NA	NA	353397	NA
P0ABQ0	P0ABQ0	COABC_ECOLI	coaBC	NA	1	AAATQHNLEVLASR	AAATQHNLEVLASR	2	AAATQHNLEVLASR2	NA	NA	NA	NA	NA	NA
P0ABQ0	P0ABQ0	COABC_ECOLI	coaBC	NA	1	AAATQHNLEVLASR	AAATQHNLEVLASR	3	AAATQHNLEVLASR3	NA	NA	NA	NA	NA	NA
P11274	P11274;H0Y554	BCR_HUMAN	BCR	NA	1	AAATTSQPVLTSQQIETIFFK	AAATTSQPVLTSQQIETIFFK	3	AAATTSQPVLTSQQIETIFFK3	NA	264392	NA	NA	317338	NA
Q6UWP2	Q6UWP2;A0A087WZN3	DHR11_HUMAN	DHRS11	NA	1	AAATYEQMK	AAATYEQMK	2	AAATYEQMK2	NA	NA	157389	NA	NA	NA
Q9NXC5	Q9NXC5	MIO_HUMAN	MIOS	NA	1	AAAVALFNLDIR	AAAVALFNLDIR	2	AAAVALFNLDIR2	NA	NA	291557	176451	NA	149231
Q8IYI6	Q8IYI6	EXOC8_HUMAN	EXOC8	NA	1	AAAVHTAIR	AAAVHTAIR	2	AAAVHTAIR2	NA	NA	NA	NA	NA	NA
P19404	P19404;E7EPT4	NDUV2_HUMAN	NDUFV2	NA	1	AAAVLPVLDLAQR	AAAVLPVLDLAQR	2	AAAVLPVLDLAQR2	9910700	8384620	9643920	9363140	9278370	8510400
O43837	O43837;A0A087WZN1;A0A087X2E5	IDH3B_HUMAN	IDH3B	NA	1	AAAVPVEFQEHHLSEVQNMASEEK	AAAVPVEFQEHHLSEVQNMASEEK	3	AAAVPVEFQEHHLSEVQNMASEEK3	1398060	2505850	2115960	619773	1933650	NA
Q8N201	Q8N201	INT1_HUMAN	INTS1	NA	1	AAAVQADDVEVLK	AAAVQADDVEVLK	2	AAAVQADDVEVLK2	NA	NA	NA	NA	NA	NA
